Series Name,Series Code,Country Name,Country Code,2010
Law mandates equal remuneration for females and males for work of equal value (1=yes; 0=no),SG.LAW.EQRM.WK,Afghanistan,AFG,0
Law mandates equal remuneration for females and males for work of equal value (1=yes; 0=no),SG.LAW.EQRM.WK,Albania,ALB,0
Law mandates equal remuneration for females and males for work of equal value (1=yes; 0=no),SG.LAW.EQRM.WK,Algeria,DZA,1
Law mandates equal remuneration for females and males for work of equal value (1=yes; 0=no),SG.LAW.EQRM.WK,American Samoa,ASM,
Law mandates equal remuneration for females and males for work of equal value (1=yes; 0=no),SG.LAW.EQRM.WK,Andorra,AND,
Law mandates equal remuneration for females and males for work of equal value (1=yes; 0=no),SG.LAW.EQRM.WK,Angola,AGO,1
Law mandates equal remuneration for females and males for work of equal value (1=yes; 0=no),SG.LAW.EQRM.WK,Antigua and Barbuda,ATG,0
Law mandates equal remuneration for females and males for work of equal value (1=yes; 0=no),SG.LAW.EQRM.WK,Argentina,ARG,1
Law mandates equal remuneration for females and males for work of equal value (1=yes; 0=no),SG.LAW.EQRM.WK,Armenia,ARM,0
Law mandates equal remuneration for females and males for work of equal value (1=yes; 0=no),SG.LAW.EQRM.WK,Aruba,ABW,
Law mandates equal remuneration for females and males for work of equal value (1=yes; 0=no),SG.LAW.EQRM.WK,Australia,AUS,1
Law mandates equal remuneration for females and males for work of equal value (1=yes; 0=no),SG.LAW.EQRM.WK,Austria,AUT,1
Law mandates equal remuneration for females and males for work of equal value (1=yes; 0=no),SG.LAW.EQRM.WK,Azerbaijan,AZE,0
Law mandates equal remuneration for females and males for work of equal value (1=yes; 0=no),SG.LAW.EQRM.WK,"Bahamas, The",BHS,0
Law mandates equal remuneration for females and males for work of equal value (1=yes; 0=no),SG.LAW.EQRM.WK,Bahrain,BHR,0
Law mandates equal remuneration for females and males for work of equal value (1=yes; 0=no),SG.LAW.EQRM.WK,Bangladesh,BGD,0
Law mandates equal remuneration for females and males for work of equal value (1=yes; 0=no),SG.LAW.EQRM.WK,Barbados,BRB,0
Law mandates equal remuneration for females and males for work of equal value (1=yes; 0=no),SG.LAW.EQRM.WK,Belarus,BLR,1
Law mandates equal remuneration for females and males for work of equal value (1=yes; 0=no),SG.LAW.EQRM.WK,Belgium,BEL,1
Law mandates equal remuneration for females and males for work of equal value (1=yes; 0=no),SG.LAW.EQRM.WK,Belize,BLZ,0
Law mandates equal remuneration for females and males for work of equal value (1=yes; 0=no),SG.LAW.EQRM.WK,Benin,BEN,1
Law mandates equal remuneration for females and males for work of equal value (1=yes; 0=no),SG.LAW.EQRM.WK,Bermuda,BMU,
Law mandates equal remuneration for females and males for work of equal value (1=yes; 0=no),SG.LAW.EQRM.WK,Bhutan,BTN,1
Law mandates equal remuneration for females and males for work of equal value (1=yes; 0=no),SG.LAW.EQRM.WK,Bolivia,BOL,1
Law mandates equal remuneration for females and males for work of equal value (1=yes; 0=no),SG.LAW.EQRM.WK,Bosnia and Herzegovina,BIH,1
Law mandates equal remuneration for females and males for work of equal value (1=yes; 0=no),SG.LAW.EQRM.WK,Botswana,BWA,0
Law mandates equal remuneration for females and males for work of equal value (1=yes; 0=no),SG.LAW.EQRM.WK,Brazil,BRA,0
Law mandates equal remuneration for females and males for work of equal value (1=yes; 0=no),SG.LAW.EQRM.WK,British Virgin Islands,VGB,
Law mandates equal remuneration for females and males for work of equal value (1=yes; 0=no),SG.LAW.EQRM.WK,Brunei Darussalam,BRN,0
Law mandates equal remuneration for females and males for work of equal value (1=yes; 0=no),SG.LAW.EQRM.WK,Bulgaria,BGR,1
Law mandates equal remuneration for females and males for work of equal value (1=yes; 0=no),SG.LAW.EQRM.WK,Burkina Faso,BFA,0
Law mandates equal remuneration for females and males for work of equal value (1=yes; 0=no),SG.LAW.EQRM.WK,Burundi,BDI,0
Law mandates equal remuneration for females and males for work of equal value (1=yes; 0=no),SG.LAW.EQRM.WK,Cabo Verde,CPV,0
Law mandates equal remuneration for females and males for work of equal value (1=yes; 0=no),SG.LAW.EQRM.WK,Cambodia,KHM,0
Law mandates equal remuneration for females and males for work of equal value (1=yes; 0=no),SG.LAW.EQRM.WK,Cameroon,CMR,0
Law mandates equal remuneration for females and males for work of equal value (1=yes; 0=no),SG.LAW.EQRM.WK,Canada,CAN,1
Law mandates equal remuneration for females and males for work of equal value (1=yes; 0=no),SG.LAW.EQRM.WK,Cayman Islands,CYM,
Law mandates equal remuneration for females and males for work of equal value (1=yes; 0=no),SG.LAW.EQRM.WK,Central African Republic,CAF,0
Law mandates equal remuneration for females and males for work of equal value (1=yes; 0=no),SG.LAW.EQRM.WK,Chad,TCD,1
Law mandates equal remuneration for females and males for work of equal value (1=yes; 0=no),SG.LAW.EQRM.WK,Channel Islands,CHI,
Law mandates equal remuneration for females and males for work of equal value (1=yes; 0=no),SG.LAW.EQRM.WK,Chile,CHL,0
Law mandates equal remuneration for females and males for work of equal value (1=yes; 0=no),SG.LAW.EQRM.WK,China,CHN,0
Law mandates equal remuneration for females and males for work of equal value (1=yes; 0=no),SG.LAW.EQRM.WK,Colombia,COL,0
Law mandates equal remuneration for females and males for work of equal value (1=yes; 0=no),SG.LAW.EQRM.WK,Comoros,COM,0
Law mandates equal remuneration for females and males for work of equal value (1=yes; 0=no),SG.LAW.EQRM.WK,"Congo, Dem. Rep.",COD,0
Law mandates equal remuneration for females and males for work of equal value (1=yes; 0=no),SG.LAW.EQRM.WK,"Congo, Rep.",COG,0
Law mandates equal remuneration for females and males for work of equal value (1=yes; 0=no),SG.LAW.EQRM.WK,Costa Rica,CRI,0
Law mandates equal remuneration for females and males for work of equal value (1=yes; 0=no),SG.LAW.EQRM.WK,Cote d'Ivoire,CIV,1
Law mandates equal remuneration for females and males for work of equal value (1=yes; 0=no),SG.LAW.EQRM.WK,Croatia,HRV,1
Law mandates equal remuneration for females and males for work of equal value (1=yes; 0=no),SG.LAW.EQRM.WK,Cuba,CUB,
Law mandates equal remuneration for females and males for work of equal value (1=yes; 0=no),SG.LAW.EQRM.WK,Curacao,CUW,
Law mandates equal remuneration for females and males for work of equal value (1=yes; 0=no),SG.LAW.EQRM.WK,Cyprus,CYP,1
Law mandates equal remuneration for females and males for work of equal value (1=yes; 0=no),SG.LAW.EQRM.WK,Czech Republic,CZE,1
Law mandates equal remuneration for females and males for work of equal value (1=yes; 0=no),SG.LAW.EQRM.WK,Denmark,DNK,1
Law mandates equal remuneration for females and males for work of equal value (1=yes; 0=no),SG.LAW.EQRM.WK,Djibouti,DJI,1
Law mandates equal remuneration for females and males for work of equal value (1=yes; 0=no),SG.LAW.EQRM.WK,Dominica,DMA,0
Law mandates equal remuneration for females and males for work of equal value (1=yes; 0=no),SG.LAW.EQRM.WK,Dominican Republic,DOM,0
Law mandates equal remuneration for females and males for work of equal value (1=yes; 0=no),SG.LAW.EQRM.WK,Ecuador,ECU,1
Law mandates equal remuneration for females and males for work of equal value (1=yes; 0=no),SG.LAW.EQRM.WK,"Egypt, Arab Rep.",EGY,0
Law mandates equal remuneration for females and males for work of equal value (1=yes; 0=no),SG.LAW.EQRM.WK,El Salvador,SLV,0
Law mandates equal remuneration for females and males for work of equal value (1=yes; 0=no),SG.LAW.EQRM.WK,Equatorial Guinea,GNQ,0
Law mandates equal remuneration for females and males for work of equal value (1=yes; 0=no),SG.LAW.EQRM.WK,Eritrea,ERI,0
Law mandates equal remuneration for females and males for work of equal value (1=yes; 0=no),SG.LAW.EQRM.WK,Estonia,EST,1
Law mandates equal remuneration for females and males for work of equal value (1=yes; 0=no),SG.LAW.EQRM.WK,Eswatini,SWZ,0
Law mandates equal remuneration for females and males for work of equal value (1=yes; 0=no),SG.LAW.EQRM.WK,Ethiopia,ETH,0
Law mandates equal remuneration for females and males for work of equal value (1=yes; 0=no),SG.LAW.EQRM.WK,Faroe Islands,FRO,
Law mandates equal remuneration for females and males for work of equal value (1=yes; 0=no),SG.LAW.EQRM.WK,Fiji,FJI,0
Law mandates equal remuneration for females and males for work of equal value (1=yes; 0=no),SG.LAW.EQRM.WK,Finland,FIN,1
Law mandates equal remuneration for females and males for work of equal value (1=yes; 0=no),SG.LAW.EQRM.WK,France,FRA,1
Law mandates equal remuneration for females and males for work of equal value (1=yes; 0=no),SG.LAW.EQRM.WK,French Polynesia,PYF,
Law mandates equal remuneration for females and males for work of equal value (1=yes; 0=no),SG.LAW.EQRM.WK,Gabon,GAB,0
Law mandates equal remuneration for females and males for work of equal value (1=yes; 0=no),SG.LAW.EQRM.WK,"Gambia, The",GMB,0
Law mandates equal remuneration for females and males for work of equal value (1=yes; 0=no),SG.LAW.EQRM.WK,Georgia,GEO,0
Law mandates equal remuneration for females and males for work of equal value (1=yes; 0=no),SG.LAW.EQRM.WK,Germany,DEU,0
Law mandates equal remuneration for females and males for work of equal value (1=yes; 0=no),SG.LAW.EQRM.WK,Ghana,GHA,0
Law mandates equal remuneration for females and males for work of equal value (1=yes; 0=no),SG.LAW.EQRM.WK,Gibraltar,GIB,
Law mandates equal remuneration for females and males for work of equal value (1=yes; 0=no),SG.LAW.EQRM.WK,Greece,GRC,1
Law mandates equal remuneration for females and males for work of equal value (1=yes; 0=no),SG.LAW.EQRM.WK,Greenland,GRL,
Law mandates equal remuneration for females and males for work of equal value (1=yes; 0=no),SG.LAW.EQRM.WK,Grenada,GRD,1
Law mandates equal remuneration for females and males for work of equal value (1=yes; 0=no),SG.LAW.EQRM.WK,Guam,GUM,
Law mandates equal remuneration for females and males for work of equal value (1=yes; 0=no),SG.LAW.EQRM.WK,Guatemala,GTM,0
Law mandates equal remuneration for females and males for work of equal value (1=yes; 0=no),SG.LAW.EQRM.WK,Guinea,GIN,1
Law mandates equal remuneration for females and males for work of equal value (1=yes; 0=no),SG.LAW.EQRM.WK,Guinea-Bissau,GNB,0
Law mandates equal remuneration for females and males for work of equal value (1=yes; 0=no),SG.LAW.EQRM.WK,Guyana,GUY,1
Law mandates equal remuneration for females and males for work of equal value (1=yes; 0=no),SG.LAW.EQRM.WK,Haiti,HTI,0
Law mandates equal remuneration for females and males for work of equal value (1=yes; 0=no),SG.LAW.EQRM.WK,Honduras,HND,0
Law mandates equal remuneration for females and males for work of equal value (1=yes; 0=no),SG.LAW.EQRM.WK,"Hong Kong SAR, China",HKG,0
Law mandates equal remuneration for females and males for work of equal value (1=yes; 0=no),SG.LAW.EQRM.WK,Hungary,HUN,0
Law mandates equal remuneration for females and males for work of equal value (1=yes; 0=no),SG.LAW.EQRM.WK,Iceland,ISL,1
Law mandates equal remuneration for females and males for work of equal value (1=yes; 0=no),SG.LAW.EQRM.WK,India,IND,0
Law mandates equal remuneration for females and males for work of equal value (1=yes; 0=no),SG.LAW.EQRM.WK,Indonesia,IDN,0
Law mandates equal remuneration for females and males for work of equal value (1=yes; 0=no),SG.LAW.EQRM.WK,"Iran, Islamic Rep.",IRN,0
Law mandates equal remuneration for females and males for work of equal value (1=yes; 0=no),SG.LAW.EQRM.WK,Iraq,IRQ,0
Law mandates equal remuneration for females and males for work of equal value (1=yes; 0=no),SG.LAW.EQRM.WK,Ireland,IRL,1
Law mandates equal remuneration for females and males for work of equal value (1=yes; 0=no),SG.LAW.EQRM.WK,Isle of Man,IMN,
Law mandates equal remuneration for females and males for work of equal value (1=yes; 0=no),SG.LAW.EQRM.WK,Israel,ISR,1
Law mandates equal remuneration for females and males for work of equal value (1=yes; 0=no),SG.LAW.EQRM.WK,Italy,ITA,1
Law mandates equal remuneration for females and males for work of equal value (1=yes; 0=no),SG.LAW.EQRM.WK,Jamaica,JAM,0
Law mandates equal remuneration for females and males for work of equal value (1=yes; 0=no),SG.LAW.EQRM.WK,Japan,JPN,0
Law mandates equal remuneration for females and males for work of equal value (1=yes; 0=no),SG.LAW.EQRM.WK,Jordan,JOR,0
Law mandates equal remuneration for females and males for work of equal value (1=yes; 0=no),SG.LAW.EQRM.WK,Kazakhstan,KAZ,0
Law mandates equal remuneration for females and males for work of equal value (1=yes; 0=no),SG.LAW.EQRM.WK,Kenya,KEN,1
Law mandates equal remuneration for females and males for work of equal value (1=yes; 0=no),SG.LAW.EQRM.WK,Kiribati,KIR,1
Law mandates equal remuneration for females and males for work of equal value (1=yes; 0=no),SG.LAW.EQRM.WK,"Korea, Dem. People’s Rep.",PRK,
Law mandates equal remuneration for females and males for work of equal value (1=yes; 0=no),SG.LAW.EQRM.WK,"Korea, Rep.",KOR,0
Law mandates equal remuneration for females and males for work of equal value (1=yes; 0=no),SG.LAW.EQRM.WK,Kosovo,XKX,1
Law mandates equal remuneration for females and males for work of equal value (1=yes; 0=no),SG.LAW.EQRM.WK,Kuwait,KWT,0
Law mandates equal remuneration for females and males for work of equal value (1=yes; 0=no),SG.LAW.EQRM.WK,Kyrgyz Republic,KGZ,0
Law mandates equal remuneration for females and males for work of equal value (1=yes; 0=no),SG.LAW.EQRM.WK,Lao PDR,LAO,0
Law mandates equal remuneration for females and males for work of equal value (1=yes; 0=no),SG.LAW.EQRM.WK,Latvia,LVA,1
Law mandates equal remuneration for females and males for work of equal value (1=yes; 0=no),SG.LAW.EQRM.WK,Lebanon,LBN,0
Law mandates equal remuneration for females and males for work of equal value (1=yes; 0=no),SG.LAW.EQRM.WK,Lesotho,LSO,1
Law mandates equal remuneration for females and males for work of equal value (1=yes; 0=no),SG.LAW.EQRM.WK,Liberia,LBR,0
Law mandates equal remuneration for females and males for work of equal value (1=yes; 0=no),SG.LAW.EQRM.WK,Libya,LBY,0
Law mandates equal remuneration for females and males for work of equal value (1=yes; 0=no),SG.LAW.EQRM.WK,Liechtenstein,LIE,
Law mandates equal remuneration for females and males for work of equal value (1=yes; 0=no),SG.LAW.EQRM.WK,Lithuania,LTU,1
Law mandates equal remuneration for females and males for work of equal value (1=yes; 0=no),SG.LAW.EQRM.WK,Luxembourg,LUX,1
Law mandates equal remuneration for females and males for work of equal value (1=yes; 0=no),SG.LAW.EQRM.WK,"Macao SAR, China",MAC,
Law mandates equal remuneration for females and males for work of equal value (1=yes; 0=no),SG.LAW.EQRM.WK,Madagascar,MDG,0
Law mandates equal remuneration for females and males for work of equal value (1=yes; 0=no),SG.LAW.EQRM.WK,Malawi,MWI,1
Law mandates equal remuneration for females and males for work of equal value (1=yes; 0=no),SG.LAW.EQRM.WK,Malaysia,MYS,0
Law mandates equal remuneration for females and males for work of equal value (1=yes; 0=no),SG.LAW.EQRM.WK,Maldives,MDV,0
Law mandates equal remuneration for females and males for work of equal value (1=yes; 0=no),SG.LAW.EQRM.WK,Mali,MLI,0
Law mandates equal remuneration for females and males for work of equal value (1=yes; 0=no),SG.LAW.EQRM.WK,Malta,MLT,1
Law mandates equal remuneration for females and males for work of equal value (1=yes; 0=no),SG.LAW.EQRM.WK,Marshall Islands,MHL,0
Law mandates equal remuneration for females and males for work of equal value (1=yes; 0=no),SG.LAW.EQRM.WK,Mauritania,MRT,0
Law mandates equal remuneration for females and males for work of equal value (1=yes; 0=no),SG.LAW.EQRM.WK,Mauritius,MUS,0
Law mandates equal remuneration for females and males for work of equal value (1=yes; 0=no),SG.LAW.EQRM.WK,Mexico,MEX,0
Law mandates equal remuneration for females and males for work of equal value (1=yes; 0=no),SG.LAW.EQRM.WK,"Micronesia, Fed. Sts.",FSM,0
Law mandates equal remuneration for females and males for work of equal value (1=yes; 0=no),SG.LAW.EQRM.WK,Moldova,MDA,0
Law mandates equal remuneration for females and males for work of equal value (1=yes; 0=no),SG.LAW.EQRM.WK,Monaco,MCO,
Law mandates equal remuneration for females and males for work of equal value (1=yes; 0=no),SG.LAW.EQRM.WK,Mongolia,MNG,0
Law mandates equal remuneration for females and males for work of equal value (1=yes; 0=no),SG.LAW.EQRM.WK,Montenegro,MNE,0
Law mandates equal remuneration for females and males for work of equal value (1=yes; 0=no),SG.LAW.EQRM.WK,Morocco,MAR,1
Law mandates equal remuneration for females and males for work of equal value (1=yes; 0=no),SG.LAW.EQRM.WK,Mozambique,MOZ,0
Law mandates equal remuneration for females and males for work of equal value (1=yes; 0=no),SG.LAW.EQRM.WK,Myanmar,MMR,0
Law mandates equal remuneration for females and males for work of equal value (1=yes; 0=no),SG.LAW.EQRM.WK,Namibia,NAM,1
Law mandates equal remuneration for females and males for work of equal value (1=yes; 0=no),SG.LAW.EQRM.WK,Nauru,NRU,
Law mandates equal remuneration for females and males for work of equal value (1=yes; 0=no),SG.LAW.EQRM.WK,Nepal,NPL,0
Law mandates equal remuneration for females and males for work of equal value (1=yes; 0=no),SG.LAW.EQRM.WK,Netherlands,NLD,1
Law mandates equal remuneration for females and males for work of equal value (1=yes; 0=no),SG.LAW.EQRM.WK,New Caledonia,NCL,
Law mandates equal remuneration for females and males for work of equal value (1=yes; 0=no),SG.LAW.EQRM.WK,New Zealand,NZL,0
Law mandates equal remuneration for females and males for work of equal value (1=yes; 0=no),SG.LAW.EQRM.WK,Nicaragua,NIC,0
Law mandates equal remuneration for females and males for work of equal value (1=yes; 0=no),SG.LAW.EQRM.WK,Niger,NER,1
Law mandates equal remuneration for females and males for work of equal value (1=yes; 0=no),SG.LAW.EQRM.WK,Nigeria,NGA,0
Law mandates equal remuneration for females and males for work of equal value (1=yes; 0=no),SG.LAW.EQRM.WK,North Macedonia,MKD,0
Law mandates equal remuneration for females and males for work of equal value (1=yes; 0=no),SG.LAW.EQRM.WK,Northern Mariana Islands,MNP,
Law mandates equal remuneration for females and males for work of equal value (1=yes; 0=no),SG.LAW.EQRM.WK,Norway,NOR,1
Law mandates equal remuneration for females and males for work of equal value (1=yes; 0=no),SG.LAW.EQRM.WK,Oman,OMN,0
Law mandates equal remuneration for females and males for work of equal value (1=yes; 0=no),SG.LAW.EQRM.WK,Pakistan,PAK,0
Law mandates equal remuneration for females and males for work of equal value (1=yes; 0=no),SG.LAW.EQRM.WK,Palau,PLW,0
Law mandates equal remuneration for females and males for work of equal value (1=yes; 0=no),SG.LAW.EQRM.WK,Panama,PAN,0
Law mandates equal remuneration for females and males for work of equal value (1=yes; 0=no),SG.LAW.EQRM.WK,Papua New Guinea,PNG,0
Law mandates equal remuneration for females and males for work of equal value (1=yes; 0=no),SG.LAW.EQRM.WK,Paraguay,PRY,1
Law mandates equal remuneration for females and males for work of equal value (1=yes; 0=no),SG.LAW.EQRM.WK,Peru,PER,1
Law mandates equal remuneration for females and males for work of equal value (1=yes; 0=no),SG.LAW.EQRM.WK,Philippines,PHL,1
Law mandates equal remuneration for females and males for work of equal value (1=yes; 0=no),SG.LAW.EQRM.WK,Poland,POL,0
Law mandates equal remuneration for females and males for work of equal value (1=yes; 0=no),SG.LAW.EQRM.WK,Portugal,PRT,1
Law mandates equal remuneration for females and males for work of equal value (1=yes; 0=no),SG.LAW.EQRM.WK,Puerto Rico,PRI,0
Law mandates equal remuneration for females and males for work of equal value (1=yes; 0=no),SG.LAW.EQRM.WK,Qatar,QAT,0
Law mandates equal remuneration for females and males for work of equal value (1=yes; 0=no),SG.LAW.EQRM.WK,Romania,ROU,1
Law mandates equal remuneration for females and males for work of equal value (1=yes; 0=no),SG.LAW.EQRM.WK,Russian Federation,RUS,0
Law mandates equal remuneration for females and males for work of equal value (1=yes; 0=no),SG.LAW.EQRM.WK,Rwanda,RWA,0
Law mandates equal remuneration for females and males for work of equal value (1=yes; 0=no),SG.LAW.EQRM.WK,Samoa,WSM,0
Law mandates equal remuneration for females and males for work of equal value (1=yes; 0=no),SG.LAW.EQRM.WK,San Marino,SMR,0
Law mandates equal remuneration for females and males for work of equal value (1=yes; 0=no),SG.LAW.EQRM.WK,Sao Tome and Principe,STP,0
Law mandates equal remuneration for females and males for work of equal value (1=yes; 0=no),SG.LAW.EQRM.WK,Saudi Arabia,SAU,0
Law mandates equal remuneration for females and males for work of equal value (1=yes; 0=no),SG.LAW.EQRM.WK,Senegal,SEN,0
Law mandates equal remuneration for females and males for work of equal value (1=yes; 0=no),SG.LAW.EQRM.WK,Serbia,SRB,1
Law mandates equal remuneration for females and males for work of equal value (1=yes; 0=no),SG.LAW.EQRM.WK,Seychelles,SYC,0
Law mandates equal remuneration for females and males for work of equal value (1=yes; 0=no),SG.LAW.EQRM.WK,Sierra Leone,SLE,0
Law mandates equal remuneration for females and males for work of equal value (1=yes; 0=no),SG.LAW.EQRM.WK,Singapore,SGP,0
Law mandates equal remuneration for females and males for work of equal value (1=yes; 0=no),SG.LAW.EQRM.WK,Sint Maarten (Dutch part),SXM,
Law mandates equal remuneration for females and males for work of equal value (1=yes; 0=no),SG.LAW.EQRM.WK,Slovak Republic,SVK,0
Law mandates equal remuneration for females and males for work of equal value (1=yes; 0=no),SG.LAW.EQRM.WK,Slovenia,SVN,1
Law mandates equal remuneration for females and males for work of equal value (1=yes; 0=no),SG.LAW.EQRM.WK,Solomon Islands,SLB,0
Law mandates equal remuneration for females and males for work of equal value (1=yes; 0=no),SG.LAW.EQRM.WK,Somalia,SOM,
Law mandates equal remuneration for females and males for work of equal value (1=yes; 0=no),SG.LAW.EQRM.WK,South Africa,ZAF,0
Law mandates equal remuneration for females and males for work of equal value (1=yes; 0=no),SG.LAW.EQRM.WK,South Sudan,SSD,1
Law mandates equal remuneration for females and males for work of equal value (1=yes; 0=no),SG.LAW.EQRM.WK,Spain,ESP,1
Law mandates equal remuneration for females and males for work of equal value (1=yes; 0=no),SG.LAW.EQRM.WK,Sri Lanka,LKA,0
Law mandates equal remuneration for females and males for work of equal value (1=yes; 0=no),SG.LAW.EQRM.WK,St. Kitts and Nevis,KNA,0
Law mandates equal remuneration for females and males for work of equal value (1=yes; 0=no),SG.LAW.EQRM.WK,St. Lucia,LCA,1
Law mandates equal remuneration for females and males for work of equal value (1=yes; 0=no),SG.LAW.EQRM.WK,St. Martin (French part),MAF,
Law mandates equal remuneration for females and males for work of equal value (1=yes; 0=no),SG.LAW.EQRM.WK,St. Vincent and the Grenadines,VCT,0
Law mandates equal remuneration for females and males for work of equal value (1=yes; 0=no),SG.LAW.EQRM.WK,Sudan,SDN,0
Law mandates equal remuneration for females and males for work of equal value (1=yes; 0=no),SG.LAW.EQRM.WK,Suriname,SUR,0
Law mandates equal remuneration for females and males for work of equal value (1=yes; 0=no),SG.LAW.EQRM.WK,Sweden,SWE,1
Law mandates equal remuneration for females and males for work of equal value (1=yes; 0=no),SG.LAW.EQRM.WK,Switzerland,CHE,1
Law mandates equal remuneration for females and males for work of equal value (1=yes; 0=no),SG.LAW.EQRM.WK,Syrian Arab Republic,SYR,0
Law mandates equal remuneration for females and males for work of equal value (1=yes; 0=no),SG.LAW.EQRM.WK,Tajikistan,TJK,1
Law mandates equal remuneration for females and males for work of equal value (1=yes; 0=no),SG.LAW.EQRM.WK,Tanzania,TZA,1
Law mandates equal remuneration for females and males for work of equal value (1=yes; 0=no),SG.LAW.EQRM.WK,Thailand,THA,0
Law mandates equal remuneration for females and males for work of equal value (1=yes; 0=no),SG.LAW.EQRM.WK,Timor-Leste,TLS,0
Law mandates equal remuneration for females and males for work of equal value (1=yes; 0=no),SG.LAW.EQRM.WK,Togo,TGO,1
Law mandates equal remuneration for females and males for work of equal value (1=yes; 0=no),SG.LAW.EQRM.WK,Tonga,TON,0
Law mandates equal remuneration for females and males for work of equal value (1=yes; 0=no),SG.LAW.EQRM.WK,Trinidad and Tobago,TTO,0
Law mandates equal remuneration for females and males for work of equal value (1=yes; 0=no),SG.LAW.EQRM.WK,Tunisia,TUN,0
Law mandates equal remuneration for females and males for work of equal value (1=yes; 0=no),SG.LAW.EQRM.WK,Turkey,TUR,1
Law mandates equal remuneration for females and males for work of equal value (1=yes; 0=no),SG.LAW.EQRM.WK,Turkmenistan,TKM,
Law mandates equal remuneration for females and males for work of equal value (1=yes; 0=no),SG.LAW.EQRM.WK,Turks and Caicos Islands,TCA,
Law mandates equal remuneration for females and males for work of equal value (1=yes; 0=no),SG.LAW.EQRM.WK,Tuvalu,TUV,
Law mandates equal remuneration for females and males for work of equal value (1=yes; 0=no),SG.LAW.EQRM.WK,Uganda,UGA,1
Law mandates equal remuneration for females and males for work of equal value (1=yes; 0=no),SG.LAW.EQRM.WK,Ukraine,UKR,0
Law mandates equal remuneration for females and males for work of equal value (1=yes; 0=no),SG.LAW.EQRM.WK,United Arab Emirates,ARE,0
Law mandates equal remuneration for females and males for work of equal value (1=yes; 0=no),SG.LAW.EQRM.WK,United Kingdom,GBR,1
Law mandates equal remuneration for females and males for work of equal value (1=yes; 0=no),SG.LAW.EQRM.WK,United States,USA,0
Law mandates equal remuneration for females and males for work of equal value (1=yes; 0=no),SG.LAW.EQRM.WK,Uruguay,URY,0
Law mandates equal remuneration for females and males for work of equal value (1=yes; 0=no),SG.LAW.EQRM.WK,Uzbekistan,UZB,0
Law mandates equal remuneration for females and males for work of equal value (1=yes; 0=no),SG.LAW.EQRM.WK,Vanuatu,VUT,0
Law mandates equal remuneration for females and males for work of equal value (1=yes; 0=no),SG.LAW.EQRM.WK,"Venezuela, RB",VEN,
Law mandates equal remuneration for females and males for work of equal value (1=yes; 0=no),SG.LAW.EQRM.WK,Vietnam,VNM,0
Law mandates equal remuneration for females and males for work of equal value (1=yes; 0=no),SG.LAW.EQRM.WK,Virgin Islands (U.S.),VIR,
Law mandates equal remuneration for females and males for work of equal value (1=yes; 0=no),SG.LAW.EQRM.WK,West Bank and Gaza,PSE,0
Law mandates equal remuneration for females and males for work of equal value (1=yes; 0=no),SG.LAW.EQRM.WK,"Yemen, Rep.",YEM,
Law mandates equal remuneration for females and males for work of equal value (1=yes; 0=no),SG.LAW.EQRM.WK,Zambia,ZMB,0
Law mandates equal remuneration for females and males for work of equal value (1=yes; 0=no),SG.LAW.EQRM.WK,Zimbabwe,ZWE,0
Law mandates equal remuneration for females and males for work of equal value (1=yes; 0=no),SG.LAW.EQRM.WK,Arab World,ARB,
Law mandates equal remuneration for females and males for work of equal value (1=yes; 0=no),SG.LAW.EQRM.WK,Caribbean small states,CSS,
Law mandates equal remuneration for females and males for work of equal value (1=yes; 0=no),SG.LAW.EQRM.WK,Central Europe and the Baltics,CEB,
Law mandates equal remuneration for females and males for work of equal value (1=yes; 0=no),SG.LAW.EQRM.WK,Early-demographic dividend,EAR,
Law mandates equal remuneration for females and males for work of equal value (1=yes; 0=no),SG.LAW.EQRM.WK,East Asia & Pacific,EAS,
Law mandates equal remuneration for females and males for work of equal value (1=yes; 0=no),SG.LAW.EQRM.WK,East Asia & Pacific (excluding high income),EAP,
Law mandates equal remuneration for females and males for work of equal value (1=yes; 0=no),SG.LAW.EQRM.WK,East Asia & Pacific (IDA & IBRD countries),TEA,
Law mandates equal remuneration for females and males for work of equal value (1=yes; 0=no),SG.LAW.EQRM.WK,Euro area,EMU,
Law mandates equal remuneration for females and males for work of equal value (1=yes; 0=no),SG.LAW.EQRM.WK,Europe & Central Asia,ECS,
Law mandates equal remuneration for females and males for work of equal value (1=yes; 0=no),SG.LAW.EQRM.WK,Europe & Central Asia (excluding high income),ECA,
Law mandates equal remuneration for females and males for work of equal value (1=yes; 0=no),SG.LAW.EQRM.WK,Europe & Central Asia (IDA & IBRD countries),TEC,
Law mandates equal remuneration for females and males for work of equal value (1=yes; 0=no),SG.LAW.EQRM.WK,European Union,EUU,
Law mandates equal remuneration for females and males for work of equal value (1=yes; 0=no),SG.LAW.EQRM.WK,Fragile and conflict affected situations,FCS,
Law mandates equal remuneration for females and males for work of equal value (1=yes; 0=no),SG.LAW.EQRM.WK,Heavily indebted poor countries (HIPC),HPC,
Law mandates equal remuneration for females and males for work of equal value (1=yes; 0=no),SG.LAW.EQRM.WK,High income,HIC,
Law mandates equal remuneration for females and males for work of equal value (1=yes; 0=no),SG.LAW.EQRM.WK,IBRD only,IBD,
Law mandates equal remuneration for females and males for work of equal value (1=yes; 0=no),SG.LAW.EQRM.WK,IDA & IBRD total,IBT,
Law mandates equal remuneration for females and males for work of equal value (1=yes; 0=no),SG.LAW.EQRM.WK,IDA blend,IDB,
Law mandates equal remuneration for females and males for work of equal value (1=yes; 0=no),SG.LAW.EQRM.WK,IDA only,IDX,
Law mandates equal remuneration for females and males for work of equal value (1=yes; 0=no),SG.LAW.EQRM.WK,IDA total,IDA,
Law mandates equal remuneration for females and males for work of equal value (1=yes; 0=no),SG.LAW.EQRM.WK,Late-demographic dividend,LTE,
Law mandates equal remuneration for females and males for work of equal value (1=yes; 0=no),SG.LAW.EQRM.WK,Latin America & Caribbean,LCN,
Law mandates equal remuneration for females and males for work of equal value (1=yes; 0=no),SG.LAW.EQRM.WK,Latin America & Caribbean (excluding high income),LAC,
Law mandates equal remuneration for females and males for work of equal value (1=yes; 0=no),SG.LAW.EQRM.WK,Latin America & the Caribbean (IDA & IBRD countries),TLA,
Law mandates equal remuneration for females and males for work of equal value (1=yes; 0=no),SG.LAW.EQRM.WK,Least developed countries: UN classification,LDC,
Law mandates equal remuneration for females and males for work of equal value (1=yes; 0=no),SG.LAW.EQRM.WK,Low & middle income,LMY,
Law mandates equal remuneration for females and males for work of equal value (1=yes; 0=no),SG.LAW.EQRM.WK,Low income,LIC,
Law mandates equal remuneration for females and males for work of equal value (1=yes; 0=no),SG.LAW.EQRM.WK,Lower middle income,LMC,
Law mandates equal remuneration for females and males for work of equal value (1=yes; 0=no),SG.LAW.EQRM.WK,Middle East & North Africa,MEA,
Law mandates equal remuneration for females and males for work of equal value (1=yes; 0=no),SG.LAW.EQRM.WK,Middle East & North Africa (excluding high income),MNA,
Law mandates equal remuneration for females and males for work of equal value (1=yes; 0=no),SG.LAW.EQRM.WK,Middle East & North Africa (IDA & IBRD countries),TMN,
Law mandates equal remuneration for females and males for work of equal value (1=yes; 0=no),SG.LAW.EQRM.WK,Middle income,MIC,
Law mandates equal remuneration for females and males for work of equal value (1=yes; 0=no),SG.LAW.EQRM.WK,North America,NAC,
Law mandates equal remuneration for females and males for work of equal value (1=yes; 0=no),SG.LAW.EQRM.WK,Not classified,INX,
Law mandates equal remuneration for females and males for work of equal value (1=yes; 0=no),SG.LAW.EQRM.WK,OECD members,OED,
Law mandates equal remuneration for females and males for work of equal value (1=yes; 0=no),SG.LAW.EQRM.WK,Other small states,OSS,
Law mandates equal remuneration for females and males for work of equal value (1=yes; 0=no),SG.LAW.EQRM.WK,Pacific island small states,PSS,
Law mandates equal remuneration for females and males for work of equal value (1=yes; 0=no),SG.LAW.EQRM.WK,Post-demographic dividend,PST,
Law mandates equal remuneration for females and males for work of equal value (1=yes; 0=no),SG.LAW.EQRM.WK,Pre-demographic dividend,PRE,
Law mandates equal remuneration for females and males for work of equal value (1=yes; 0=no),SG.LAW.EQRM.WK,Small states,SST,
Law mandates equal remuneration for females and males for work of equal value (1=yes; 0=no),SG.LAW.EQRM.WK,South Asia,SAS,
Law mandates equal remuneration for females and males for work of equal value (1=yes; 0=no),SG.LAW.EQRM.WK,South Asia (IDA & IBRD),TSA,
Law mandates equal remuneration for females and males for work of equal value (1=yes; 0=no),SG.LAW.EQRM.WK,Sub-Saharan Africa,SSF,
Law mandates equal remuneration for females and males for work of equal value (1=yes; 0=no),SG.LAW.EQRM.WK,Sub-Saharan Africa (excluding high income),SSA,
Law mandates equal remuneration for females and males for work of equal value (1=yes; 0=no),SG.LAW.EQRM.WK,Sub-Saharan Africa (IDA & IBRD countries),TSS,
Law mandates equal remuneration for females and males for work of equal value (1=yes; 0=no),SG.LAW.EQRM.WK,Upper middle income,UMC,
Law mandates equal remuneration for females and males for work of equal value (1=yes; 0=no),SG.LAW.EQRM.WK,World,WLD,
,,,,
,,,,
,,,,
Data from database: World Development Indicators,,,,
Last Updated: 10/16/2019,,,,